product,rating,rating count,price,product url
"Zep Air and Fabric Odor Eliminator - 32 Ounces (Pack of 2) ZUAIR32 - Refresh Your Home, Office and Business  ",4.6 out of 5 stars,"1,578  ",18.0,https://amazon.com/Zep-Fabric-Odor-Eliminator-Ounce/dp/B07M59CCR2/ref=sr_1_3?keywords=zep&qid=1654500072&sr=8-3
"Zep Commercial Antimicrobial Hand Soap, 1 Gallon, R46124  ",5.0 out of 5 stars,6  ,18.02,https://amazon.com/Zep-Commercial-Antimicrobial-Gallon-R46124/dp/B08XZTDCWK/ref=sr_1_8?keywords=zep&qid=1654500072&sr=8-8
"[2 Pack] Pumice Stone Toilet Bowl Cleaner with Extra Long Handle - Limescale Remover - Pumice Toilet Brush - Also Cleans BBQ Grills, Tiles, Tile Grout, & Swimming Pools by Impresa  ",4.6 out of 5 stars,"5,260  ",14.44,https://amazon.com/gp/slredirect/picassoRedirect.html/ref=pa_sp_mtf_aps_sr_pg1_1?ie=UTF8&adId=A0363968O7VCS1AM6P60&url=%2FIMPRESA-Pumice-Toilet-Cleaner-Handle%2Fdp%2FB07YN9CXXQ%2Fref%3Dsr_1_9_sspa%3Fkeywords%3Dzep%26qid%3D1654500072%26sr%3D8-9-spons%26psc%3D1&qualifier=1654500072&id=4479828152993556&widgetName=sp_mtf
"FAYINA Grout Cleaner Scrub Brush Deep Tile Joints - Stiff Angled Bristles for Showers, Bathtubs, Kitchens - Multi-Surface All-Around Household Cleaning Tool  ",4.5 out of 5 stars,"1,159  ",7.99,https://amazon.com/gp/slredirect/picassoRedirect.html/ref=pa_sp_mtf_aps_sr_pg1_1?ie=UTF8&adId=A04657472D3CAX4XPTP2Y&url=%2FFAYINA-Grout-Cleaner-Joints-Scrubber%2Fdp%2FB08WM2YB9L%2Fref%3Dsr_1_14_sspa%3Fkeywords%3Dzep%26qid%3D1654500072%26sr%3D8-14-spons%26psc%3D1&qualifier=1654500072&id=4479828152993556&widgetName=sp_mtf
"Leak-Free, Chemical Resistant Spray Head 5 Pack Industrial Spray Heads ONLY. Bottles NOT INCL. for Auto/Car Detailing, Window Cleaning and Janitorial Supply. Heavy Duty Low-Fatigue Trigger and Nozzle…  ",4.4 out of 5 stars,703  ,16.28,https://amazon.com/gp/slredirect/picassoRedirect.html/ref=pa_sp_btf_aps_sr_pg1_1?ie=UTF8&adId=A08008572AUIF6B5GCF90&url=%2FMop-Mob-Industrial-Janitorial-Low-Fatigue%2Fdp%2FB07BFG8ZHK%2Fref%3Dsr_1_19_sspa%3Fkeywords%3Dzep%26qid%3D1654500072%26sr%3D8-19-spons%26psc%3D1&qualifier=1654500072&id=4479828152993556&widgetName=sp_btf
"Wypall - KCC34790CT X60 Reusable Cloths (34790) in Convenient Pop-Up Box, White, 10 Boxes / Case, 126 Sheets / Box  ",4.8 out of 5 stars,583  ,80.9,https://amazon.com/gp/slredirect/picassoRedirect.html/ref=pa_sp_btf_aps_sr_pg1_1?ie=UTF8&adId=A00194912H24A01R9S3F&url=%2FWypall-KCC34790CT-Reusable-Cloths-Convenient%2Fdp%2FB0040ZOF9S%2Fref%3Dsr_1_20_sspa%3Fkeywords%3Dzep%26qid%3D1654500072%26sr%3D8-20-spons%26psc%3D1&qualifier=1654500072&id=4479828152993556&widgetName=sp_btf
"YOUKADA Electric Spin Scrubber, Cordless Super Power Scrubber, Cleaning Brush for Kitchen, Bathroom, Living Room (Blue)  ",4.1 out of 5 stars,"3,509  ",49.99,https://amazon.com/gp/slredirect/picassoRedirect.html/ref=pa_sp_btf_aps_sr_pg1_1?ie=UTF8&adId=A0080409L7CQ0TLJD1N8&url=%2FYOUKADA-Electric-Scrubber-Replaceable-Extension%2Fdp%2FB07S6M7FWH%2Fref%3Dsr_1_21_sspa%3Fkeywords%3Dzep%26qid%3D1654500072%26sr%3D8-21-spons%26psc%3D1%26smid%3DADZCYW65MYSMT&qualifier=1654500072&id=4479828152993556&widgetName=sp_btf
"Leak-Free, Chemical Resistant Spray Head 5 Pack Industrial Spray Heads ONLY. Bottles NOT INCL. for Auto/Car Detailing, Window Cleaning and Janitorial Supply. Heavy Duty Low-Fatigue Trigger and Nozzle…  ",4.4 out of 5 stars,703  ,16.28,https://amazon.com/gp/slredirect/picassoRedirect.html/ref=pa_sp_atf_next_aps_sr_pg2_1?ie=UTF8&adId=A08008572AUIF6B5GCF90&qualifier=1654500074&id=8623453359606883&widgetName=sp_atf_next&url=%2FMop-Mob-Industrial-Janitorial-Low-Fatigue%2Fdp%2FB07BFG8ZHK%2Fref%3Dsr_1_17_sspa%3Fkeywords%3Dzep%26qid%3D1654500074%26sr%3D8-17-spons%26psc%3D1
"FAYINA Grout Cleaner Scrub Brush Deep Tile Joints - Stiff Angled Bristles for Showers, Bathtubs, Kitchens - Multi-Surface All-Around Household Cleaning Tool  ",4.5 out of 5 stars,"1,159  ",7.99,https://amazon.com/gp/slredirect/picassoRedirect.html/ref=pa_sp_atf_next_aps_sr_pg2_1?ie=UTF8&adId=A04657472D3CAX4XPTP2Y&qualifier=1654500074&id=8623453359606883&widgetName=sp_atf_next&url=%2FFAYINA-Grout-Cleaner-Joints-Scrubber%2Fdp%2FB08WM2YB9L%2Fref%3Dsr_1_18_sspa%3Fkeywords%3Dzep%26qid%3D1654500074%26sr%3D8-18-spons%26psc%3D1
"[2 Pack] Pumice Stone Toilet Bowl Cleaner with Extra Long Handle - Limescale Remover - Pumice Toilet Brush - Also Cleans BBQ Grills, Tiles, Tile Grout, & Swimming Pools by Impresa  ",4.6 out of 5 stars,"5,260  ",14.44,https://amazon.com/gp/slredirect/picassoRedirect.html/ref=pa_sp_mtf_aps_sr_pg2_1?ie=UTF8&adId=A0363968O7VCS1AM6P60&qualifier=1654500074&id=8623453359606883&widgetName=sp_mtf&url=%2FIMPRESA-Pumice-Toilet-Cleaner-Handle%2Fdp%2FB07YN9CXXQ%2Fref%3Dsr_1_27_sspa%3Fkeywords%3Dzep%26qid%3D1654500074%26sr%3D8-27-spons%26psc%3D1
"Wypall - KCC34790CT X60 Reusable Cloths (34790) in Convenient Pop-Up Box, White, 10 Boxes / Case, 126 Sheets / Box  ",4.8 out of 5 stars,583  ,80.9,https://amazon.com/gp/slredirect/picassoRedirect.html/ref=pa_sp_mtf_aps_sr_pg2_1?ie=UTF8&adId=A00194912H24A01R9S3F&qualifier=1654500074&id=8623453359606883&widgetName=sp_mtf&url=%2FWypall-KCC34790CT-Reusable-Cloths-Convenient%2Fdp%2FB0040ZOF9S%2Fref%3Dsr_1_28_sspa%3Fkeywords%3Dzep%26qid%3D1654500074%26sr%3D8-28-spons%26psc%3D1
"MR.SIGA Heavy Duty Grout Scrub Brush with Long Handle, Shower Floor Scrubber for Cleaning, Tile Scrub Brush with Stiff Bristles  ",4.5 out of 5 stars,573  ,18.98,https://amazon.com/MR-SIGA-Handle-Scrubber-Cleaning-Bristles/dp/B09CH3S33T/ref=sr_1_33?keywords=zep&qid=1654500074&sr=8-33
"FAYINA Grout Cleaner Scrub Brush Deep Tile Joints - Stiff Angled Bristles for Showers, Bathtubs, Kitchens - Multi-Surface All-Around Household Cleaning Tool  ",4.5 out of 5 stars,"1,159  ",7.99,https://amazon.com/FAYINA-Grout-Cleaner-Joints-Scrubber/dp/B08WM2YB9L/ref=sr_1_35?keywords=zep&qid=1654500074&sr=8-35
"Lenicany 6Pack Pumice Stone for Toilet Cleaning Bowl Stick,Powerfully Cleans Hard Water Rings，Calcium Buildup & Stains, Suitable for Cleaning Toilet, Bathtubs, Kitchen Sink, Grill  ",4.6 out of 5 stars,371  ,6.99,https://amazon.com/gp/slredirect/picassoRedirect.html/ref=pa_sp_btf_aps_sr_pg2_1?ie=UTF8&adId=A01318323PVA09K1XRRW0&qualifier=1654500074&id=8623453359606883&widgetName=sp_btf&url=%2FLenicany-Cleaning-Powerfully-Rings%25EF%25BC%258CCalcium-Suitable%2Fdp%2FB09PC1W676%2Fref%3Dsr_1_37_sspa%3Fkeywords%3Dzep%26qid%3D1654500074%26sr%3D8-37-spons%26psc%3D1
Tuodeal Pumice Cleaning Stone with Handle Pumice Stone for Toilet Bowl Household Cleaning 2 Pack  ,4.6 out of 5 stars,"2,130  ",8.99,https://amazon.com/gp/slredirect/picassoRedirect.html/ref=pa_sp_btf_aps_sr_pg2_1?ie=UTF8&adId=A07552782757ACDD0E1BK&qualifier=1654500074&id=8623453359606883&widgetName=sp_btf&url=%2FCleaning-Remover-Cleaner-Kitchen-Household%2Fdp%2FB07C11SVDR%2Fref%3Dsr_1_38_sspa%3Fkeywords%3Dzep%26qid%3D1654500074%26sr%3D8-38-spons%26psc%3D1
"Leak-Free, Chemical Resistant Spray Head 5 Pack Industrial Spray Heads ONLY. Bottles NOT INCL. for Auto/Car Detailing, Window Cleaning and Janitorial Supply. Heavy Duty Low-Fatigue Trigger and Nozzle…  ",4.4 out of 5 stars,703  ,16.28,https://amazon.com/gp/slredirect/picassoRedirect.html/ref=pa_sp_atf_next_aps_sr_pg3_1?ie=UTF8&adId=A08008572AUIF6B5GCF90&url=%2FMop-Mob-Industrial-Janitorial-Low-Fatigue%2Fdp%2FB07BFG8ZHK%2Fref%3Dsr_1_33_sspa%3Fkeywords%3Dzep%26qid%3D1654500077%26sr%3D8-33-spons%26psc%3D1&qualifier=1654500077&id=1810910958990539&widgetName=sp_atf_next
"FAYINA Grout Cleaner Scrub Brush Deep Tile Joints - Stiff Angled Bristles for Showers, Bathtubs, Kitchens - Multi-Surface All-Around Household Cleaning Tool  ",4.5 out of 5 stars,"1,159  ",7.99,https://amazon.com/gp/slredirect/picassoRedirect.html/ref=pa_sp_atf_next_aps_sr_pg3_1?ie=UTF8&adId=A04657472D3CAX4XPTP2Y&url=%2FFAYINA-Grout-Cleaner-Joints-Scrubber%2Fdp%2FB08WM2YB9L%2Fref%3Dsr_1_34_sspa%3Fkeywords%3Dzep%26qid%3D1654500077%26sr%3D8-34-spons%26psc%3D1&qualifier=1654500077&id=1810910958990539&widgetName=sp_atf_next
2 in 1 Cleaning Brush Tub and Tile Scrubber Brush Sponge with 46'' Extendable Long Lightweight Handle Detachable Stiff Bristles Scrub Brush for Cleaning Bathtub Shower Bathroom  ,4.2 out of 5 stars,830  ,21.99,https://amazon.com/Cleaning-Scrubber-Extendable-Lightweight-Detachable/dp/B0982Q32K7/ref=sr_1_35?keywords=zep&qid=1654500077&sr=8-35
"[2 Pack] Pumice Stone Toilet Bowl Cleaner with Extra Long Handle - Limescale Remover - Pumice Toilet Brush - Also Cleans BBQ Grills, Tiles, Tile Grout, & Swimming Pools by Impresa  ",4.6 out of 5 stars,"5,260  ",14.44,https://amazon.com/IMPRESA-Pumice-Toilet-Cleaner-Handle/dp/B07YN9CXXQ/ref=sr_1_36?keywords=zep&qid=1654500077&sr=8-36
"Zep, 48Oz, Industrial Size Trigger, Professional Sprayer, for Use with Household & Commercial Cleaners. C32810  ",4.3 out of 5 stars,127  ,10.85,https://amazon.com/Zep-Industrial-Professional-Household-Commercial/dp/B0842WZ8ZB/ref=sr_1_38_mod_primary_new?keywords=zep&qid=1654500077&sbo=RZvfv%2F%2FHxDF%2BO5021pAnSA%3D%3D&sr=8-38
"[2 Pack] Pumice Stone Toilet Bowl Cleaner with Extra Long Handle - Limescale Remover - Pumice Toilet Brush - Also Cleans BBQ Grills, Tiles, Tile Grout, & Swimming Pools by Impresa  ",4.6 out of 5 stars,"5,260  ",14.44,https://amazon.com/gp/slredirect/picassoRedirect.html/ref=pa_sp_mtf_aps_sr_pg3_1?ie=UTF8&adId=A0363968O7VCS1AM6P60&url=%2FIMPRESA-Pumice-Toilet-Cleaner-Handle%2Fdp%2FB07YN9CXXQ%2Fref%3Dsr_1_43_sspa%3Fkeywords%3Dzep%26qid%3D1654500077%26sr%3D8-43-spons%26psc%3D1&qualifier=1654500077&id=1810910958990539&widgetName=sp_mtf
"Wypall - KCC34790CT X60 Reusable Cloths (34790) in Convenient Pop-Up Box, White, 10 Boxes / Case, 126 Sheets / Box  ",4.8 out of 5 stars,583  ,80.9,https://amazon.com/gp/slredirect/picassoRedirect.html/ref=pa_sp_mtf_aps_sr_pg3_1?ie=UTF8&adId=A00194912H24A01R9S3F&url=%2FWypall-KCC34790CT-Reusable-Cloths-Convenient%2Fdp%2FB0040ZOF9S%2Fref%3Dsr_1_44_sspa%3Fkeywords%3Dzep%26qid%3D1654500077%26sr%3D8-44-spons%26psc%3D1&qualifier=1654500077&id=1810910958990539&widgetName=sp_mtf
"Clorox ToiletWand Disposable Toilet Cleaning System - ToiletWand, Storage Caddy and 6 Disinfecting ToiletWand Refill Heads (Packaging May Vary) (03191)  ",4.7 out of 5 stars,"46,308  ",9.38,https://amazon.com/Clorox-ToiletWand-Disposable-Toilet-Cleaning/dp/B0010B5EQS/ref=sr_1_45?keywords=zep&qid=1654500077&sr=8-45
"S&T INC. Microfiber Cleaning Cloths, Reusable and Lint-Free Towels for Home, Kitchen and Auto, 11.5 Inch x 11.5 Inch, 100 Pack, Assorted  ",4.6 out of 5 stars,"20,535  ",29.99,https://amazon.com/923801-Assorted-Microfiber-Cleaning-Cloths/dp/B07TM7SH9J/ref=sr_1_47?keywords=zep&qid=1654500077&sr=8-47
"Lenicany 6Pack Pumice Stone for Toilet Cleaning Bowl Stick,Powerfully Cleans Hard Water Rings，Calcium Buildup & Stains, Suitable for Cleaning Toilet, Bathtubs, Kitchen Sink, Grill  ",4.6 out of 5 stars,371  ,6.99,https://amazon.com/gp/slredirect/picassoRedirect.html/ref=pa_sp_btf_aps_sr_pg3_1?ie=UTF8&adId=A01318323PVA09K1XRRW0&url=%2FLenicany-Cleaning-Powerfully-Rings%25EF%25BC%258CCalcium-Suitable%2Fdp%2FB09PC1W676%2Fref%3Dsr_1_53_sspa%3Fkeywords%3Dzep%26qid%3D1654500077%26sr%3D8-53-spons%26psc%3D1&qualifier=1654500077&id=1810910958990539&widgetName=sp_btf
Tuodeal Pumice Cleaning Stone with Handle Pumice Stone for Toilet Bowl Household Cleaning 2 Pack  ,4.6 out of 5 stars,"2,130  ",8.99,https://amazon.com/gp/slredirect/picassoRedirect.html/ref=pa_sp_btf_aps_sr_pg3_1?ie=UTF8&adId=A07552782757ACDD0E1BK&url=%2FCleaning-Remover-Cleaner-Kitchen-Household%2Fdp%2FB07C11SVDR%2Fref%3Dsr_1_54_sspa%3Fkeywords%3Dzep%26qid%3D1654500077%26sr%3D8-54-spons%26psc%3D1&qualifier=1654500077&id=1810910958990539&widgetName=sp_btf
"Leak-Free, Chemical Resistant Spray Head 5 Pack Industrial Spray Heads ONLY. Bottles NOT INCL. for Auto/Car Detailing, Window Cleaning and Janitorial Supply. Heavy Duty Low-Fatigue Trigger and Nozzle…  ",4.4 out of 5 stars,703  ,16.28,https://amazon.com/gp/slredirect/picassoRedirect.html/ref=pa_sp_atf_next_aps_sr_pg4_1?ie=UTF8&adId=A08008572AUIF6B5GCF90&url=%2FMop-Mob-Industrial-Janitorial-Low-Fatigue%2Fdp%2FB07BFG8ZHK%2Fref%3Dsr_1_49_sspa%3Fkeywords%3Dzep%26qid%3D1654500080%26sr%3D8-49-spons%26psc%3D1&qualifier=1654500080&id=6750523412249600&widgetName=sp_atf_next
"FAYINA Grout Cleaner Scrub Brush Deep Tile Joints - Stiff Angled Bristles for Showers, Bathtubs, Kitchens - Multi-Surface All-Around Household Cleaning Tool  ",4.5 out of 5 stars,"1,159  ",7.99,https://amazon.com/gp/slredirect/picassoRedirect.html/ref=pa_sp_atf_next_aps_sr_pg4_1?ie=UTF8&adId=A04657472D3CAX4XPTP2Y&url=%2FFAYINA-Grout-Cleaner-Joints-Scrubber%2Fdp%2FB08WM2YB9L%2Fref%3Dsr_1_50_sspa%3Fkeywords%3Dzep%26qid%3D1654500080%26sr%3D8-50-spons%26psc%3D1&qualifier=1654500080&id=6750523412249600&widgetName=sp_atf_next
HIFFIUP Grout Brush，Scrub Brush with Long Handle，Floor Scrubber，120°Rotatable Bathtub Brush，Tile Floor Crevice Grout Brush，Scrub Brush for Cleaning，35 inches Long (Light Blue)  ,4.2 out of 5 stars,253  ,11.99,https://amazon.com/HIFFIUP-Brush%EF%BC%8CScrub-Handle%EF%BC%8CFloor-Scrubber%EF%BC%8C120%C2%B0Rotatable-Cleaning%EF%BC%8C35/dp/B09FDP17WF/ref=sr_1_52?keywords=zep&qid=1654500080&sr=8-52
"Zep Industrial Sprayer Bottle - 48 Ounces (Case of 8) C32810 - Up to 30 Foot Spray, Adjustable Nozzle  ",3.7 out of 5 stars,27  ,61.85,https://amazon.com/Zep-Industrial-Sprayer-Bottle-Adjustable/dp/B08S8W9H3R/ref=sr_1_55?keywords=zep&qid=1654500080&sr=8-55
"[2 Pack] Pumice Stone Toilet Bowl Cleaner with Extra Long Handle - Limescale Remover - Pumice Toilet Brush - Also Cleans BBQ Grills, Tiles, Tile Grout, & Swimming Pools by Impresa  ",4.6 out of 5 stars,"5,260  ",14.44,https://amazon.com/gp/slredirect/picassoRedirect.html/ref=pa_sp_mtf_aps_sr_pg4_1?ie=UTF8&adId=A0363968O7VCS1AM6P60&url=%2FIMPRESA-Pumice-Toilet-Cleaner-Handle%2Fdp%2FB07YN9CXXQ%2Fref%3Dsr_1_59_sspa%3Fkeywords%3Dzep%26qid%3D1654500080%26sr%3D8-59-spons%26psc%3D1&qualifier=1654500080&id=6750523412249600&widgetName=sp_mtf
"Wypall - KCC34790CT X60 Reusable Cloths (34790) in Convenient Pop-Up Box, White, 10 Boxes / Case, 126 Sheets / Box  ",4.8 out of 5 stars,583  ,80.9,https://amazon.com/gp/slredirect/picassoRedirect.html/ref=pa_sp_mtf_aps_sr_pg4_1?ie=UTF8&adId=A00194912H24A01R9S3F&url=%2FWypall-KCC34790CT-Reusable-Cloths-Convenient%2Fdp%2FB0040ZOF9S%2Fref%3Dsr_1_60_sspa%3Fkeywords%3Dzep%26qid%3D1654500080%26sr%3D8-60-spons%26psc%3D1&qualifier=1654500080&id=6750523412249600&widgetName=sp_mtf
"Blacklonia Bug Zapper for Outdoor&Indoor，Waterproof Electric Mosquito Zappers Mosquito Killer Lamp Insect Fly Pest Trap for Patio, Kitchen, Home  ",4.4 out of 5 stars,715  ,39.99,https://amazon.com/Blacklonia-Outdoor-Indoor%EF%BC%8CWaterproof-Electric-Mosquito/dp/B08TW8QN52/ref=sr_1_62?keywords=zep&qid=1654500080&sr=8-62
"Harris Professional Spray Bottle 32oz (3-Pack), All-Purpose with Clear Finish, Pressurized Sprayer, Adjustable Nozzle and Measurements  ",4.4 out of 5 stars,"6,395  ",17.99,https://amazon.com/Harris-Professional-All-Purpose-Measurements-PRO-32-1/dp/B01G6EMOKW/ref=sr_1_63?keywords=zep&qid=1654500080&sr=8-63
Zep Septic Tank Treatment 2 Pk  ,4.3 out of 5 stars,88  ,13.38,https://amazon.com/Zep-Septic-Tank-Treatment-Pk/dp/B00GRTRRTK/ref=sr_1_64?keywords=zep&qid=1654500080&sr=8-64
LandHope Tile Grout Brush Crevice Floor Scrub Brush 120°Rotatable Bathtub Clean Tool 9.06inches Wide 35.43inches Long Handle Grout Scrubber Indoor Kitchen Push Broom for Hard to Reach Areas  ,4.2 out of 5 stars,787  ,14.66,https://amazon.com/Bathroom-Rotatable-9-06inches-35-43inches-Scrubbing/dp/B0876B51BW/ref=sr_1_67?keywords=zep&qid=1654500080&sr=8-67
"Lenicany 6Pack Pumice Stone for Toilet Cleaning Bowl Stick,Powerfully Cleans Hard Water Rings，Calcium Buildup & Stains, Suitable for Cleaning Toilet, Bathtubs, Kitchen Sink, Grill  ",4.6 out of 5 stars,371  ,6.99,https://amazon.com/gp/slredirect/picassoRedirect.html/ref=pa_sp_btf_aps_sr_pg4_1?ie=UTF8&adId=A01318323PVA09K1XRRW0&url=%2FLenicany-Cleaning-Powerfully-Rings%25EF%25BC%258CCalcium-Suitable%2Fdp%2FB09PC1W676%2Fref%3Dsr_1_69_sspa%3Fkeywords%3Dzep%26qid%3D1654500080%26sr%3D8-69-spons%26psc%3D1&qualifier=1654500080&id=6750523412249600&widgetName=sp_btf
Tuodeal Pumice Cleaning Stone with Handle Pumice Stone for Toilet Bowl Household Cleaning 2 Pack  ,4.6 out of 5 stars,"2,130  ",8.99,https://amazon.com/gp/slredirect/picassoRedirect.html/ref=pa_sp_btf_aps_sr_pg4_1?ie=UTF8&adId=A07552782757ACDD0E1BK&url=%2FCleaning-Remover-Cleaner-Kitchen-Household%2Fdp%2FB07C11SVDR%2Fref%3Dsr_1_70_sspa%3Fkeywords%3Dzep%26qid%3D1654500080%26sr%3D8-70-spons%26psc%3D1&qualifier=1654500080&id=6750523412249600&widgetName=sp_btf
